carpeta;archivo;codigo;fecha_sol;desde;hasta;dias_legal;dias_prog;dias_total;ok;notas
2025;C0022.jpg;C0022;2025-01-06;2025-01-10;2025-02-14;20;0;26;OK;span=35d
2025;C0030.jpg;C0030;2025-02-11;2025-02-14;2025-03-13;20;0;20;OK;desde≈calc span=27d
2025;C0030A.jpg;C0030;2025-12-09;2025-12-10;2025-12-23;0;10;10;OK;span=13d
2025;F0141.jpg;F0141;2025-03-20;2025-03-21;2025-04-23;;15;23;OK;span=33d
2025;F0141A.jpg;F0141;2025-09-11;2025-09-17;2025-10-09;;;15;OK;span=22d
2025;F1816.jpg;F1816;2025-03-15;2025-03-21;2025-05-02;20;2;29;OK;span=42d
2025;F1816A.jpg;F1816;2025-12-15;2025-12-22;2026-01-12;1;13;14;OK;span=21d
2025;F2174.jpg;F2174;2025-07-22;2025-07-23;2025-08-11;;0;14;OK;span=19d
2025;F4051.jpg;F4051;2025-01-20;2025-02-03;2025-03-20;22;12;34;OK;span=45d
2025;F4401.jpg;F4401;2025-02-24;2025-03-03;2025-03-19;10;0;13;OK;span=16d
2025;F4401B.jpg;F4401;2025-07-29;2025-08-01;2025-08-14;10;0;10;OK;span=13d
2025;F4537.jpg;F4537;2025-02-05;2025-02-10;2025-03-07;14;0;20;OK;span=25d
2025;F4537C.jpg;F4537;2025-12-19;2025-12-26;2026-01-05;;;7;OK;dias≈calc span=10d
2025;F4558.jpg;F4558;;2025-08-04;2025-09-08;20;0;25;OK;span=35d
2025;F4582.jpg;F4582;2025-02-15;2025-02-24;2025-03-20;14;0;19;OK;span=24d
2025;F4813.jpg;F4813;2025-02-10;2025-02-17;2025-03-20;;;24;OK;span=31d
2025;F5095.jpg;F5095;2025-12-03;2025-12-15;2025-12-22;;;6;OK;dias≈calc span=7d
2025;F5105-02.jpg;F5105;2025-02-20;2025-02-20;2025-03-10;13;0;13;OK;span=18d
2025;F5105.jpg;F5105;2025-01-17;2025-01-20;2025-01-27;;0;6;OK;span=7d
2025;F5269.jpg;F5269;2025-09-01;2025-09-04;2025-09-12;;;7;OK;dias≈calc span=8d
2025;F5339.jpg;F5339;2025-11-28;2025-12-01;2025-12-30;20;0;20;OK;span=29d
2025;F5407.jpg;F5407;2025-08-27;2025-09-04;2025-09-12;;;7;OK;dias≈calc span=8d
2025;F5407B.jpg;F5407;;2025-12-15;2025-12-19;;;5;OK;dias≈calc span=4d
2025;F5461.jpg;F5461;2025-04-16;2025-04-21;2025-05-05;10;0;10;OK;span=14d
2025;F5461A.jpg;F5461;2025-09-15;2025-09-16;2025-09-17;;;2;OK;dias≈calc span=1d
2025;F5461B.jpg;F5461;2025-09-29;2025-10-02;2025-10-08;;0;5;OK;span=6d
2025;H0224.jpg;H0224;2025-11-03;2025-11-03;2025-11-11;;;7;OK;dias≈calc span=8d
2025;H0552.jpg;H0552;2025-01-20;2025-02-03;2025-03-03;21;0;21;OK;span=28d
2025;H0823.jpg;H0823;2025-02-10;2025-02-17;2025-04-01;;;32;OK;span=43d
2025;H1273.jpg;H1273;2025-07-31;2025-08-12;2025-08-19;0;5;5;OK;span=7d
2025;H1292.jpg;H1292;2025-01-28;2025-02-03;2025-03-13;20;9;29;OK;span=38d
2025;H1552.jpg;H1552;2025-01-29;2025-02-03;2025-03-13;20;2;29;OK;span=38d
2025;H1628.jpg;H1628;2025-01-13;2025-01-20;2025-03-03;;;31;OK;span=42d
2025;H1906.jpg;H1906;2025-01-20;2025-02-07;2025-03-14;18;0;26;OK;span=35d
2025;H1952.jpg;H1952;2025-07-07;2025-07-08;2025-07-14;5;0;5;OK;span=6d
2025;H1970.jpg;H1970;2025-02-17;2025-02-21;2025-03-21;21;0;21;OK;span=28d
2025;H1970B.jpg;H1970;2025-03-22;2025-03-24;2025-04-02;;;8;OK;dias≈calc span=9d
2025;H2152.jpg;H2152;2025-09-09;2025-09-10;2025-09-11;;;2;OK;dias≈calc span=1d
2025;H2197.jpg;H2197;2025-02-04;2025-02-10;2025-03-24;20;11;31;OK;span=42d
2025;H2364.jpg;H2364;2025-01-28;2025-02-03;2025-03-13;21;0;29;OK;span=38d
2025;H2364B.jpg;H2364;2025-09-08;2025-09-15;2025-09-30;10;0;10;OK;span=15d
2025;H2381.jpg;H2381;2025-02-24;2025-02-26;2025-04-07;18;11;29;OK;span=40d
2025;H2572 -2.jpg;H2572;2025-09-01;2025-09-16;2025-09-23;4;0;4;OK;span=7d
2025;H2572.jpg;H2572;2025-01-22;2025-01-31;2025-03-12;20;2;29;OK;span=40d
2025;H2606.jpg;H2606;2025-09-02;2025-09-11;2025-10-17;20;5;25;OK;span=36d
2025;H2606B.jpg;H2606;2025-12-15;2025-12-19;2026-02-02;21;2;30;OK;span=45d
2025;H2606C.jpg;H2606;2025-12-15;2025-12-22;2026-01-08;0;12;12;OK;span=17d
2025;H2607.jpg;H2607;2025-04-11;2025-04-21;2025-06-02;20;2;29;OK;span=42d
2025;H2720.jpg;H2720;2025-01-28;2025-02-05;2025-03-10;18;0;24;OK;span=33d
2025;H2720A.jpg;H2720;2025-07-29;2025-07-31;2025-08-04;;0;3;OK;span=4d
2025;H2720B.jpg;H2720;2025-04-28;2025-05-02;2025-05-12;;;7;OK;span=10d
2025;H2808.jpg;H2808;2025-01-22;2025-02-03;2025-03-14;20;10;30;OK;span=39d
2025;H2819.jpg;H2819;2025-02-14;2025-02-21;2025-04-02;21;0;29;OK;span=40d
2025;H2819B.jpg;H2819;2025-04-01;2025-04-03;2025-04-04;2;0;2;OK;span=1d
2025;H2819C.jpg;H2819;2025-09-03;2025-09-15;2025-09-22;;0;4;OK;span=7d
2025;H3382.jpg;H3382;2025-02-24;2025-02-26;2025-04-04;;;28;OK;span=37d
2025;H3382A.jpg;H3382;2025-09-12;2025-09-15;2025-09-22;;;6;OK;dias≈calc span=7d
2025;H3382B.jpg;H3382;2025-04-01;2025-04-07;2025-04-11;;;5;OK;dias≈calc span=4d
2025;H4095.jpg;H4095;2025-03-12;2025-03-13;2025-03-18;;0;4;OK;span=5d
2025;H4095B.jpg;H4095;2025-08-07;2025-08-08;2025-08-08;;;1;OK;dias≈calc span=0d
2025;H4095C.jpg;H4095;2025-08-19;2025-08-26;2025-09-08;;;10;OK;dias≈calc span=13d
2025;H4095D.jpg;H4095;2025-12-18;2025-12-22;2026-01-05;;;11;OK;dias≈calc span=14d
2025;H4109.jpg;H4109;2025-09-09;2025-09-15;2025-09-22;;0;4;OK;span=7d
2025;H4110.jpg;H4110;2025-02-07;2025-02-17;2025-03-14;20;0;20;OK;hasta≈calc span=25d
2025;H4111.jpg;H4111;;2025-03-14;2025-03-27;;;10;OK;desde≈calc span=13d
2025;H4111B.jpg;H4111;;2025-05-07;2025-05-19;2;0;2;OK;span=12d
2025;H4112.jpg;H4112;2025-08-30;2025-09-01;2025-09-08;;;6;OK;dias≈calc span=7d
2025;H4113.jpg;H4113;2025-02-24;2025-03-05;2025-04-01;20;0;20;OK;span=27d
2025;H4114.jpg;H4114;2025-03-05;2025-03-10;2025-04-04;20;0;20;OK;span=25d
2025;H4115.jpg;H4115;2025-01-03;2025-01-16;2025-02-12;20;0;20;OK;span=27d
2025;H4116.jpg;H4116;2025-01-15;2025-02-03;2025-02-28;20;0;20;OK;span=25d
2025;H4117.jpg;H4117;2025-01-15;2025-01-31;2025-02-27;;;20;OK;span=27d
2025;H4122.jpg;H4122;2025-02-03;2025-02-17;2025-03-14;;;20;OK;span=25d
2025;H4122A.jpg;H4122;;2025-08-21;2025-08-27;;;5;OK;dias≈calc span=6d
2025;H4122B.jpg;H4122;2025-10-20;2025-10-20;2025-10-30;2;0;2;OK;span=10d
2025;H4123.jpg;H4123;;2025-07-07;2025-08-04;20;0;20;OK;span=28d
2025;M0033.jpg;M0033;2025-03-05;2025-03-17;2025-03-18;;;2;OK;dias≈calc span=1d
2025;M0033B.jpg;M0033;2025-05-22;2025-05-27;2025-05-29;;2;3;OK;span=2d
2025;M0260.jpg;M0260;2025-04-21;2025-04-25;2025-05-20;14;0;17;OK;span=25d
2025;M1030.jpg;M1030;2025-01-25;2025-02-07;2025-03-11;21;2;23;OK;span=32d
2025;M1522.jpg;M1522;2025-02-10;2025-02-12;2025-03-13;20;0;22;OK;span=29d
2025;M1678 B.jpg;M1678;2025-09-25;2025-10-06;2025-10-13;;;6;OK;dias≈calc span=7d
2025;M1678.jpg;M1678;2025-05-15;2025-05-16;2025-05-26;;0;6;OK;span=10d
2025;M1854.jpg;M1854;2025-05-19;2025-05-20;2025-05-20;;0;1;OK;span=0d
2025;M1854B.jpg;M1854;2025-11-10;2025-11-10;2025-11-11;2;0;2;OK;span=1d
2025;M2195.jpg;M2195;2025-01-09;2025-01-10;2025-02-06;20;0;20;OK;span=27d
2025;M2532.jpg;M2532;2025-02-19;2025-02-28;2025-03-24;17;0;17;OK;span=24d
2025;M2846.jpg;M2846;2025-02-28;2025-03-06;2025-03-17;;;8;OK;dias≈calc span=11d
2025;M2870.jpg;M2870;2025-02-28;2025-03-03;2025-03-17;;;11;OK;dias≈calc span=14d
2025;M2870A.jpg;M2870;2025-09-16;2025-09-17;2025-09-22;;;2;OK;span=5d
2025;M2870C.jpg;M2870;2025-12-16;2025-12-17;2025-12-17;;;1;OK;dias≈calc span=0d
2025;M3279.jpg;M3279;2025-05-19;2025-06-02;2025-06-30;20;0;20;OK;span=28d
2025;M3289.jpg;M3289;2025-01-22;2025-01-27;2025-02-21;20;0;20;OK;span=25d
2025;M4660.jpg;M4660;2025-12-01;2025-12-15;2025-12-22;;;6;OK;dias≈calc span=7d
2025;M5035.jpg;M5035;2025-03-24;2025-04-03;2025-05-06;20;2;22;OK;span=33d
2025;M5234.jpg;M5234;2025-01-24;2025-02-07;2025-03-20;30;0;30;OK;span=41d
2025;M5234B.jpg;M5234;2025-09-04;2025-09-15;2025-09-23;;0;5;OK;span=8d
2025;M5280-02.jpg;M5280;;2025-06-23;2025-07-25;20;4;24;OK;span=32d
2025;M5280.jpg;M5280;2025-01-24;2025-01-27;2025-03-03;26;0;26;OK;span=35d
2025;M5280C.jpg;M5280;2025-09-24;2025-09-25;2025-10-02;;;6;OK;dias≈calc span=7d
2025;M5591.jpg;M5591;2025-10-27;2025-10-27;2025-01-01;20;0;20;OK;span=-299d
2025;M6439.jpg;M6439;2025-01-15;2025-01-20;2025-01-31;;;10;OK;span=11d
2025;M6439A.jpg;M6439;;2025-09-05;2025-09-22;10;0;10;OK;span=17d
2025;M6442.jpg;M6442;2025-01-27;2025-02-07;2025-03-06;20;0;20;OK;span=27d
2025;M6660.jpg;M6660;2025-04-02;2025-04-07;2025-05-06;20;0;20;OK;span=29d
2025;M7048.jpg;M7048;2025-01-13;2025-01-17;2025-02-06;15;0;15;OK;span=20d
2025;M7114.jpg;M7114;2025-01-31;2025-02-03;2025-02-17;;;11;OK;dias≈calc span=14d
2025;M7160.jpg;M7160;2025-01-27;2025-02-03;2025-02-28;20;0;20;OK;span=25d
2025;M7374.jpg;M7374;;2025-04-15;2025-04-23;;;7;OK;dias≈calc span=8d
2025;M7374B.jpg;M7374;2025-06-24;2025-06-25;2025-06-30;;;4;OK;dias≈calc span=5d
2025;M7374BC.jpg;M7374;2025-09-23;2025-09-24;2025-09-30;;;5;OK;dias≈calc span=6d
2025;M7597.jpg;M7597;2025-07-19;2025-07-21;2025-07-25;;0;5;OK;span=4d
2025;M7700.jpg;M7700;2025-02-18;2025-02-19;2025-03-18;20;0;20;OK;span=27d
2025;M7700A.jpg;M7700;2025-09-05;2025-09-08;2025-09-17;;0;8;OK;span=9d
2025;M7863.jpg;M7863;2025-01-22;2025-01-23;2025-02-20;21;0;21;OK;span=28d
2025;M7863B.jpg;M7863;2025-08-11;2025-08-12;2025-08-18;;;5;OK;dias≈calc span=6d
2025;M8767.jpg;M8767;2025-02-10;2025-02-13;2025-02-26;10;0;10;OK;span=13d
2025;M8830.jpg;M8830;2025-01-14;2025-01-15;2025-02-11;20;0;20;OK;span=27d
2025;M8830A.jpg;M8830;2025-11-10;2025-11-14;2025-12-01;12;0;12;OK;span=17d
2025;M8830B.jpg;M8830;2025-11-24;2025-12-02;2025-12-12;;;9;OK;dias≈calc span=10d
2025;M9380.jpg;M9380;2025-03-19;2025-03-24;2025-01-02;20;0;20;OK;span=-81d
2025;M9402.jpg;M9402;2025-01-28;2025-02-07;2025-03-06;20;0;20;OK;span=27d
2025;M9409.jpg;M9409;2025-01-20;2025-01-30;2025-02-26;20;0;20;OK;span=27d
2025;M9413.jpg;M9413;2025-01-20;2025-01-27;2025-02-19;18;0;18;OK;span=23d
2025;M9505.jpg;M9505;2025-06-10;2025-06-13;2025-06-19;;0;5;OK;span=6d
2025;M9505B.jpg;M9505;2025-10-20;2025-10-22;2025-08-02;;0;5;OK;span=-81d
2025;M9563.jpg;M9563;2025-12-04;2025-12-05;2026-02-02;39;0;39;OK;span=59d
2025;M9796.jpg;M9796;2025-02-06;2025-02-07;2025-03-06;20;0;20;OK;span=27d
2025;M9918.jpg;M9918;2025-01-29;2025-02-10;2025-03-07;20;0;20;OK;span=25d
vacaciones 2026;C0022.jpg;C0022;2025-12-29;2026-01-05;2026-02-09;20;0;26;OK;span=35d
vacaciones 2026;C0030.jpg;C0030;2026-02-03;2026-02-13;2026-03-12;20;0;20;OK;span=27d
vacaciones 2026;F1352.jpg;F1352;2025-12-27;2026-01-02;2026-02-13;;;31;OK;span=42d
vacaciones 2026;F1816.jpg;F1816;2025-12-15;2025-12-22;2026-01-12;1;13;14;OK;span=21d
vacaciones 2026;F2174.jpg;F2174;2025-12-31;2026-01-12;2026-01-19;;;6;OK;dias≈calc span=7d
vacaciones 2026;F2174B.jpg;F2174;2026-07-11;2026-07-14;2026-07-28;7;0;10;OK;span=14d
vacaciones 2026;F4051.jpg;F4051;2026-01-27;2026-02-02;2026-03-12;20;2;29;OK;span=38d
vacaciones 2026;F4051A.jpg;F4051;2026-09-03;2026-09-14;2026-09-21;;0;5;OK;span=7d
vacaciones 2026;F4095.jpg;F4095;2026-03-12;2026-03-13;2026-03-01;;;0;OK;dias≈calc span=-12d
vacaciones 2026;F4401.jpg;F4401;2026-02-26;2026-03-02;2026-03-17;12;0;12;OK;span=15d
vacaciones 2026;F4401C.jpg;F4401;;2026-07-27;2026-08-11;0;12;12;OK;span=15d
vacaciones 2026;F4498.jpg;F4498;2026-02-06;2026-02-11;2026-03-18;20;0;26;OK;span=35d
vacaciones 2026;F4537.jpg;F4537;2026-02-16;2026-02-23;2026-03-20;20;0;20;OK;span=25d
vacaciones 2026;F4558.jpg;F4558;;2026-08-10;2026-09-14;21;0;26;OK;span=35d
vacaciones 2026;F4813.jpg;F4813;2026-02-10;2026-02-16;2026-03-19;20;0;24;OK;span=31d
vacaciones 2026;F5095.jpg;F5095;2026-01-20;2026-01-20;2026-02-09;15;0;15;OK;span=20d
vacaciones 2026;f5095A.jpg;F5095;2026-08-26;2026-08-27;2026-08-27;;;1;OK;dias≈calc span=0d
vacaciones 2026;F5105.jpg;F5105;2026-02-06;2026-01-28;2026-01-30;;;3;OK;dias≈calc span=2d
vacaciones 2026;F5269.jpg;F5269;2026-01-20;2026-01-21;2026-01-22;;;2;OK;dias≈calc span=1d
vacaciones 2026;F5407.jpg;F5407;2026-01-07;2026-01-19;2026-01-30;10;0;10;OK;span=11d
vacaciones 2026;F5407A.jpg;F5407;2026-09-15;2026-09-15;2026-09-17;;0;3;OK;span=2d
vacaciones 2026;H0552.jpg;H0552;2026-01-21;2026-02-05;2026-03-04;20;0;20;OK;span=27d
vacaciones 2026;H0552A.jpg;H0552;2025-12-16;2025-12-29;;;;;REVISAR;
vacaciones 2026;H0823.jpg;H0823;2026-03-02;2026-03-06;2026-04-20;;;31;OK;span=45d
vacaciones 2026;H1273.jpg;H1273;2025-12-26;2026-01-02;2026-02-04;20;0;24;OK;span=33d
vacaciones 2026;H1273A.jpg;H1273;2026-08-27;2026-08-31;2026-09-03;0;4;4;OK;span=3d
vacaciones 2026;H1292.jpg;H1292;2026-01-22;2026-02-06;2026-03-18;20;2;29;OK;span=40d
vacaciones 2026;H1292A.jpg;H1292;2026-08-11;2026-08-10;2026-08-14;;0;5;OK;span=4d
vacaciones 2026;H1552.jpg;H1552;2026-01-23;2026-02-06;2026-03-18;20;2;29;OK;span=40d
vacaciones 2026;H1628.jpg;H1628;2025-12-29;2026-01-05;2026-02-13;20;10;30;OK;span=39d
vacaciones 2026;H1628B.jpg;H1628;2026-02-12;2026-02-16;2026-02-18;;0;3;OK;span=2d
vacaciones 2026;H1628C.jpg;H1628;2026-05-19;2026-05-25;2026-06-01;;;6;OK;dias≈calc span=7d
vacaciones 2026;H1906.jpg;H1906;2026-01-27;2026-02-06;2026-03-11;15;2;24;OK;span=33d
vacaciones 2026;H1906A.jpg;H1906;2026-09-09;2026-09-10;2026-09-16;;;5;OK;span=6d
vacaciones 2026;H1952A.jpg;H1952;2025-12-19;2025-12-26;2026-02-02;15;11;26;OK;span=38d
vacaciones 2026;H1970.jpg;H1970;2026-01-31;2026-02-20;2026-03-23;19;0;22;OK;span=31d
vacaciones 2026;H1970A.jpg;H1970;2026-08-06;2026-08-10;2026-08-12;3;0;3;OK;span=2d
vacaciones 2026;H2152.jpg;H2152;2026-01-30;2026-02-02;2026-03-17;20;12;32;OK;span=43d
vacaciones 2026;H2197.jpg;H2197;2026-02-04;2026-02-09;2026-03-23;;;31;OK;span=42d
vacaciones 2026;H2197B.jpg;H2197;2026-04-01;2026-03-30;2026-04-02;;;4;OK;dias≈calc span=3d
vacaciones 2026;H2364 02.jpg;H2364;2026-09-10;2026-09-11;2026-09-17;;5;5;OK;span=6d
vacaciones 2026;H2364.jpg;H2364;2025-12-23;2026-01-07;2026-01-20;10;0;10;OK;span=13d
vacaciones 2026;H2381A.jpg;H2381;2025-12-16;2025-12-22;2026-02-02;20;2;29;OK;span=42d
vacaciones 2026;H2477.jpg;H2477;2026-02-12;2026-02-16;2026-03-13;20;0;20;OK;span=25d
vacaciones 2026;H2572.jpg;H2572;2026-01-26;2026-02-02;2026-03-06;16;2;25;OK;span=32d
vacaciones 2026;H2606.jpg;H2606;;2026-06-01;2026-06-08;6;0;6;OK;span=7d
vacaciones 2026;H2606C.jpg;H2606;;2026-06-09;2026-06-15;;;5;OK;dias≈calc span=6d
vacaciones 2026;H2606D.jpg;H2606;2026-08-13;2026-08-21;2026-09-03;;2;10;OK;span=13d
vacaciones 2026;H2607.jpg;H2607;2026-03-30;2026-04-06;2026-05-15;12;17;29;OK;span=39d
vacaciones 2026;H2720.jpg;H2720;2026-01-29;2026-02-04;2026-02-25;;;16;OK;span=21d
vacaciones 2026;H2720B.jpg;H2720;2026-03-17;2026-03-19;2026-03-25;;;5;OK;dias≈calc span=6d
vacaciones 2026;H2720C.jpg;H2720;2026-08-17;2026-08-20;2026-08-31;;8;8;OK;span=11d
vacaciones 2026;H2808.jpg;H2808;2026-01-20;2026-02-02;2026-03-12;20;2;29;OK;span=38d
vacaciones 2026;H2819.jpg;H2819;2026-02-19;2026-02-27;2026-03-31;14;2;23;OK;span=32d
vacaciones 2026;H3357.jpg;H3357;2026-01-09;2026-01-19;2026-03-02;23;0;31;OK;span=42d
vacaciones 2026;H3382.jpg;H3382;2026-02-19;2026-02-27;2026-04-08;17;11;28;OK;span=40d
vacaciones 2026;H3382B.jpg;H3382;2026-07-22;2026-07-22;2026-07-27;;;4;OK;dias≈calc span=5d
vacaciones 2026;H4095.jpg;H4095;2026-08-03;2026-08-10;2026-08-31;16;0;16;OK;span=21d
vacaciones 2026;H4109.jpg;H4109;2026-01-05;2026-01-06;2026-02-02;16;0;20;OK;span=27d
vacaciones 2026;H4112.jpg;H4112;2025-12-31;2026-01-02;2026-01-21;14;0;14;OK;span=19d
vacaciones 2026;H4112A.jpg;H4112;2026-09-30;2026-10-01;2026-10-01;;;1;OK;span=0d
vacaciones 2026;H4113.jpg;H4113;2026-02-23;2026-02-27;2026-03-19;15;0;15;OK;span=20d
vacaciones 2026;H4113A.jpg;H4113;2026-08-03;2026-08-04;2026-08-10;;;5;OK;dias≈calc span=6d
vacaciones 2026;H4114.jpg;H4114;2026-01-15;2026-01-16;2026-02-12;20;0;20;OK;span=27d
vacaciones 2026;H4115.jpg;H4115;2025-12-30;2026-01-02;2026-01-29;20;0;20;OK;span=27d
vacaciones 2026;H4116.jpg;H4116;2026-01-16;2026-02-02;2026-02-27;20;0;20;OK;span=25d
vacaciones 2026;H4117.jpg;H4117;2026-01-02;2026-01-09;2026-02-03;;;18;OK;dias≈calc span=25d
vacaciones 2026;H4117B.jpg;H4117;2026-03-30;2026-04-01;2026-04-02;2;0;2;OK;span=1d
vacaciones 2026;H4118.jpg;H4118;2026-02-16;2026-02-19;2026-03-11;;;15;OK;span=20d
vacaciones 2026;H4118B.jpg;H4118;2026-08-25;2026-09-17;2026-09-21;;;3;OK;dias≈calc span=4d
vacaciones 2026;H4121.jpg;H4121;2025-12-29;2026-01-02;2026-01-29;20;0;20;OK;span=27d
vacaciones 2026;H4122.jpg;H4122;2025-12-30;2025-12-29;2026-01-05;;0;5;OK;span=7d
vacaciones 2026;H4122A.jpg;H4122;2026-09-15;2026-09-16;2026-09-16;;;1;OK;dias≈calc span=0d
vacaciones 2026;H4123.jpg;H4123;2025-12-23;2026-01-02;2026-01-29;20;0;20;OK;span=27d
vacaciones 2026;M0033.jpg;M0033;2025-12-26;2026-01-02;2026-02-04;;;24;OK;span=33d
vacaciones 2026;M0033A.jpg;M0033;2026-09-21;2026-09-22;2026-09-24;;;3;OK;span=2d
vacaciones 2026;M0260.jpg;M0260;2026-03-16;2026-03-20;2026-04-20;21;0;21;OK;span=31d
vacaciones 2026;M0260A.jpg;M0260;2026-08-25;2026-08-27;2026-08-31;;;3;OK;span=4d
vacaciones 2026;M0315.jpg;M0315;2026-01-27;2026-01-30;2026-04-01;38;0;44;OK;span=61d
vacaciones 2026;M0315A.jpg;M0315;2026-08-20;2026-08-21;2026-08-31;;;7;OK;dias≈calc span=10d
vacaciones 2026;M0508-02.jpg;M0508;2026-02-05;2026-02-06;2026-04-02;27;13;40;OK;span=55d
vacaciones 2026;M0508.jpg;M0508;2026-02-02;2026-02-06;2026-04-06;27;13;40;OK;span=59d
vacaciones 2026;M1030.jpg;M1030;2026-01-31;2026-02-06;2026-03-05;20;0;20;OK;span=27d
vacaciones 2026;M1030B.jpg;M1030;2026-07-11;2026-07-13;2026-07-15;0;0;3;OK;span=2d
vacaciones 2026;M1180.jpg;M1180;2026-09-21;2026-09-24;2026-10-02;;;7;OK;span=8d
vacaciones 2026;M1188.jpg;M1188;;2026-06-15;2026-06-23;;;7;OK;span=8d
vacaciones 2026;M1321.jpg;M1321;2026-02-13;2026-02-16;2026-03-13;20;0;20;OK;span=25d
vacaciones 2026;M1321B.jpg;M1321;2026-07-23;2026-07-27;2026-07-28;2;0;2;OK;span=1d
vacaciones 2026;M1522.jpg;M1522;2026-02-11;2026-02-16;2026-03-17;20;2;22;OK;span=29d
vacaciones 2026;M1678.jpg;M1678;2026-01-05;2026-01-09;2026-01-15;5;0;5;OK;hasta≈calc span=6d
vacaciones 2026;M1678A.jpg;M1678;2026-08-05;2026-08-06;2026-08-07;;;2;OK;dias≈calc span=1d
vacaciones 2026;M1678B.jpg;M1678;;2026-07-06;2026-07-15;;0;8;OK;span=9d
vacaciones 2026;M1854.jpg;M1854;2026-09-09;2026-09-10;2026-09-10;;;1;OK;dias≈calc span=0d
vacaciones 2026;M2532.jpg;M2532;2026-01-21;2026-01-30;2026-02-26;20;0;20;OK;span=27d
vacaciones 2026;M2769.jpg;M2769;;2026-06-15;2026-06-25;2;0;2;OK;span=10d
vacaciones 2026;M2769A.jpg;M2769;2026-09-08;2026-09-21;2026-09-30;;;8;OK;dias≈calc span=9d
vacaciones 2026;M2846.jpg;M2846;2026-03-11;2026-03-20;2026-04-20;;;21;OK;span=31d
vacaciones 2026;M2846B.jpg;M2846;2026-08-25;2026-09-15;2026-09-28;10;0;10;OK;desde≈calc span=13d
vacaciones 2026;M2870.jpg;M2870;2026-01-24;2026-01-26;2026-01-26;;;1;OK;dias≈calc span=0d
vacaciones 2026;M2870A.jpg;M2870;2026-02-14;2026-02-16;2026-02-16;;;1;OK;dias≈calc span=0d
vacaciones 2026;M2870B.jpg;M2870;2026-03-31;2026-04-01;2026-04-02;2;0;2;OK;span=1d
vacaciones 2026;M2870C.jpg;M2870;2026-05-20;2026-05-22;2026-05-25;;;2;OK;span=3d
vacaciones 2026;M3279.jpg;M3279;2026-04-08;2026-04-08;2026-04-17;;;8;OK;dias≈calc span=9d
vacaciones 2026;M3279B.jpg;M3279;2026-07-01;2026-07-03;2026-07-21;12;0;12;OK;span=18d
vacaciones 2026;M3289.jpg;M3289;2025-12-30;2026-01-05;2026-01-30;20;0;20;OK;span=25d
vacaciones 2026;M4660.jpg;M4660;2026-01-27;2026-01-29;2026-02-03;4;0;4;OK;span=5d
vacaciones 2026;M4910.jpg;M4910;2026-06-25;2026-06-25;2026-07-17;15;0;15;OK;span=22d
vacaciones 2026;M4910B.jpg;M4910;;2026-07-23;2026-07-29;;;5;OK;dias≈calc span=6d
vacaciones 2026;M5035.jpg;M5035;2026-02-16;2026-02-20;2026-03-23;20;2;22;OK;span=31d
vacaciones 2026;M5234.jpg;M5234;2026-01-31;2026-02-04;2026-03-10;25;0;25;OK;span=34d
vacaciones 2026;M5234B.jpg;M5234;2026-06-12;2026-06-15;2026-06-17;;;3;OK;dias≈calc span=2d
vacaciones 2026;M5280.jpg;M5280;2026-01-27;2026-02-02;2026-03-02;14;2;16;OK;span=28d
vacaciones 2026;M5324.jpg;M5324;2026-04-14;2026-04-13;2026-04-15;3;0;3;OK;span=2d
vacaciones 2026;M5591.jpg;M5591;2026-02-26;2026-02-27;2026-02-27;;;1;OK;dias≈calc span=0d
vacaciones 2026;M5591A.jpg;M5591;2026-08-17;2026-08-14;2026-08-20;;;5;OK;dias≈calc span=6d
vacaciones 2026;M6308.jpg;M6308;2026-07-21;2026-07-20;2026-07-24;;;5;OK;dias≈calc span=4d
vacaciones 2026;M6439.jpg;M6439;2026-02-26;2026-03-03;2026-04-06;20;0;24;OK;span=34d
vacaciones 2026;M6442.jpg;M6442;2026-02-24;2026-03-02;2026-03-23;12;4;16;OK;span=21d
vacaciones 2026;M6442A.jpg;M6442;2026-08-29;2026-08-31;2026-09-07;6;0;6;OK;span=7d
vacaciones 2026;M6660.jpg;M6660;2026-02-18;2026-02-27;2026-03-26;20;0;20;OK;span=27d
vacaciones 2026;M7048.jpg;M7048;2026-08-11;2026-08-11;2026-08-24;10;0;10;OK;span=13d
vacaciones 2026;M7114.jpg;M7114;2026-02-02;2026-02-03;2026-03-02;20;0;20;OK;span=27d
vacaciones 2026;M7160.jpg;M7160;2025-12-26;2026-01-02;2026-02-02;21;0;22;OK;span=31d
vacaciones 2026;M7374.jpg;M7374;2025-12-29;2026-01-02;2026-02-04;20;4;24;OK;span=33d
vacaciones 2026;M7374A.jpg;M7374;2026-08-06;2026-08-07;2026-08-11;;;3;OK;dias≈calc span=4d
vacaciones 2026;M7597.jpg;M7597;2026-01-19;2026-01-23;2026-02-12;15;0;15;OK;span=20d
vacaciones 2026;M7597A.jpg;M7597;2026-06-04;2026-06-04;2026-06-08;;0;3;OK;span=4d
vacaciones 2026;M7597C.jpg;M7597;;2026-06-09;2026-06-15;;0;5;OK;span=6d
vacaciones 2026;M7700.jpg;M7700;2026-02-27;2026-03-03;2026-03-18;12;0;12;OK;span=15d
vacaciones 2026;M7863 02.jpg;M7863;;2026-06-02;2026-06-03;2;0;2;OK;span=1d
vacaciones 2026;M7863.jpg;M7863;2026-01-04;2026-01-02;2026-01-05;;;2;OK;span=3d
vacaciones 2026;M7863B.jpg;M7863;2026-01-30;2026-02-02;2026-02-12;2;0;9;OK;span=10d
vacaciones 2026;M7863C.jpg;M7863;2026-03-25;2026-03-26;2026-03-26;;;1;OK;dias≈calc span=0d
vacaciones 2026;M7863D.jpg;M7863;2026-04-14;2026-04-15;2026-04-15;;;1;OK;dias≈calc span=0d
vacaciones 2026;M8540.jpg;M8540;2026-02-06;2026-02-09;2026-03-02;16;0;16;OK;span=21d
vacaciones 2026;M8767.jpg;M8767;2026-03-02;2026-03-03;2026-04-13;30;0;30;OK;hasta≈calc span=41d
vacaciones 2026;M8816.jpg;M8816;2026-01-14;2026-01-15;2026-02-11;20;0;20;OK;span=27d
vacaciones 2026;M9380.jpg;M9380;2026-01-08;2026-01-09;2026-02-05;20;0;20;OK;span=27d
vacaciones 2026;M9402.jpg;M9402;2026-01-26;2026-02-06;2026-03-05;20;0;20;OK;span=27d
vacaciones 2026;M9409.jpg;M9409;2026-01-16;2026-02-13;2026-03-12;20;0;20;OK;span=27d
vacaciones 2026;M9413.jpg;M9413;2026-01-06;2026-01-20;2026-02-02;10;0;10;OK;hasta≈calc span=13d
vacaciones 2026;M9413B.jpg;M9413;2026-07-02;2026-07-06;2026-07-20;10;0;10;OK;span=14d
vacaciones 2026;M9505.jpg;M9505;2026-02-26;2026-03-03;2026-03-09;;0;5;OK;span=6d
vacaciones 2026;M9505A.jpg;M9505;;2026-07-03;2026-07-30;20;0;20;OK;hasta≈calc span=27d
vacaciones 2026;M9918.jpg;M9918;2026-02-18;2026-03-02;2026-04-06;25;0;25;OK;span=35d
vacaciones 2026;M9918B.jpg;M9918;2026-04-08;2026-04-13;2026-04-24;10;0;10;OK;span=11d
vacaciones 2026;NICO.jpg;NICO;;2026-06-03;;;;;REVISAR;